image,label
3168,0
6393,0
757,0
420,1
3063,0
5869,1
1937,1
4252,1
5609,0
260,1
4637,1
4543,0
885,0
2491,1
179,1
5331,0
603,0
170,1
2781,0
3509,0
4615,1
545,1
5263,0
385,1
1951,0
2414,0
2873,0
5104,0
1735,0
4874,0
5503,0
766,0
3614,1
4016,1
3576,0
3692,1
851,1
5882,1
5146,0
5671,0
568,1
6027,0
5685,0
827,1
6209,0
98,1
1319,1
5566,0
5555,0
1012,0
1368,1
2987,0
5354,0
417,1
2790,0
2486,0
1260,0
343,1
5253,0
2784,1
1214,1
3252,0
5260,1
1490,1
755,0
1978,1
2465,1
3160,0
4580,0
2980,1
987,1
1563,1
2369,0
2752,0
2969,1
2049,1
3323,0
660,1
5113,0
4630,1
2272,0
1856,1
4456,0
3271,0
2691,0
1331,1
3807,0
5477,0
5180,0
4524,1
1892,1
3524,1
3699,0
1604,0
970,1
1753,0
5624,0
3041,0
388,1
1655,0
3264,0
4916,0
156,1
4052,1
1404,1
2882,1
213,1
1743,0
2986,0
4442,1
524,1
2310,0
3924,1
5338,1
1826,0
4351,0
517,1
5114,0
5526,0
4186,0
3207,0
3702,0
4482,1
4971,0
1768,1
3773,0
1029,0
2377,1
5702,0
2535,0
3032,0
4518,0
3384,0
4942,0
107,1
3195,0
760,1
2628,1
3953,1
738,0
1458,1
556,1
4409,0
5805,0
3513,1
4271,0
4709,1
93,1
844,0
2955,0
5274,0
832,1
6334,0
2938,0
2903,0
5728,0
2386,1
3302,1
1221,1
1515,1
211,1
5102,0
288,1
272,1
321,1
6021,0
4579,0
4655,1
3464,0
1447,1
3989,1
3638,1
6152,1
54,1
3721,0
2156,0
6159,0
6283,0
2568,0
4349,0
5828,1
4354,0
5340,0
5712,1
2874,0
5115,1
884,1
824,1
1177,1
3881,1
635,0
1452,1
4757,1
5781,0
2073,0
1237,1
5122,0
5179,0
3409,1
2358,0
3495,0
1285,1
2695,1
1396,1
2789,0
3803,0
4423,0
835,1
2997,0
4966,1
3831,0
1388,1
4838,0
4977,1
566,1
1125,1
1462,1
157,1
4799,1
369,1
1480,0
481,1
3103,0
212,1
4736,1
913,1
5310,0
6279,0
3380,1
5404,0
190,1
4607,1
6005,1
4690,1
2652,1
4527,1
3758,0
2121,0
2650,0
5767,1
1011,0
3968,0
2413,0
3575,0
5952,1
836,1
2754,0
1865,0
1304,1
6302,0
3065,0
62,1
5863,0
4834,0
3667,0
1804,1
5885,1
3991,1
5706,0
4947,0
1333,1
1506,1
47,1
1923,0
745,1
5411,0
6004,0
3228,0
4430,0
3598,0
5811,0
2496,0
3398,1
4325,0
4781,0
1588,1
3555,0
1592,1
2623,0
2343,0
4444,0
6165,0
1650,1
764,1
3627,0
5606,0
5268,0
4433,0
1913,0
5020,0
3417,1
4624,1
4163,0
2218,0
4356,0
1960,0
2683,0
5696,1
2243,1
846,1
4670,1
3829,0
5806,1
3828,0
5085,0
4639,0
2633,0
5544,1
89,1
406,1
4752,1
2684,1
4272,0
4565,0
1738,1
3863,0
2956,0
2063,0
5057,0
5874,1
6124,0
1524,1
3703,0
2487,0
3113,0
3309,0
5441,0
4721,1
1026,0
3864,0
2094,1
3223,0
6235,0
4176,0
5337,0
1039,0
4703,1
2263,0
582,0
5999,1
3874,1
4478,0
1124,1
6270,0
2448,0
1004,1
2128,0
4573,1
1064,0
3793,0
4618,0
3104,0
2620,1
1252,1
3935,0
3498,0
2552,1
958,0
5074,0
282,1
1132,1
3818,0
3259,0
4402,0
319,1
2814,1
6080,0
4317,0
762,1
1698,0
5109,0
2551,1
6170,0
6203,0
5688,0
4378,0
3892,1
653,0
127,1
728,1
2607,1
4844,0
4923,0
557,1
5507,1
4851,0
5044,0
3460,1
1185,1
5517,0
2053,1
2831,0
4116,0
2307,0
245,1
5518,1
2737,0
3546,0
3681,1
2531,0
2578,1
5045,0
2554,0
3938,0
5537,1
1987,0
1772,0
6239,1
5764,0
888,1
4864,0
4088,0
5413,0
3801,0
6362,0
2755,1
4437,0
6328,0
2811,1
5391,0
4595,1
4878,0
476,1
3621,1
3556,0
706,1
3893,1
5475,0
3593,1
111,1
1682,1
3885,0
5769,0
5390,0
1099,1
3064,0
3017,0
6017,0
6129,0
1357,1
4001,0
183,1
5988,1
1577,1
2966,0
3635,1
4817,0
2277,0
3672,0
736,0
115,1
3661,1
4158,1
4860,0
3268,0
4558,1
1247,1
3981,1
5228,0
6299,0
4975,0
3053,1
2330,0
3336,0
2618,1
389,1
3695,1
988,1
3280,0
5049,0
2530,0
3338,0
6091,1
1320,1
5658,1
4840,0
1420,1
2915,1
4763,1
5516,0
5976,1
3142,0
657,1
994,0
3750,0
1437,1
2068,0
6358,0
5861,1
2435,0
3044,0
5373,0
1662,1
4242,1
3087,0
3018,0
257,1
219,1
5446,0
6359,0
6367,0
4588,1
2472,1
4048,1
1477,1
371,1
470,1
911,1
2962,0
829,1
5492,0
997,0
303,0
5620,1
3976,0
4120,1
1181,1
4207,0
4406,0
3078,0
904,1
1119,1
5344,0
5804,0
5525,1
301,1
734,0
5964,1
5913,1
1032,0
1666,0
1200,1
4145,0
1317,0
1513,1
5981,0
3597,1
1510,1
6288,0
1793,0
1963,0
3479,0
4774,1
3700,0
238,1
701,1
380,1
1564,1
6344,0
2500,1
1157,1
5868,1
2069,1
187,1
1560,0
944,1
3685,1
393,1
300,1
474,1
3316,0
4126,0
5893,1
4858,0
4131,1
49,1
3097,1
4005,0
1889,0
1671,0
712,0
1860,1
1789,0
2138,1
6086,0
5415,1
3254,0
59,1
3029,0
1950,0
2762,1
3789,0
1188,1
287,1
1980,1
3399,1
3680,0
2532,1
4959,1
3178,0
2509,1
3978,1
1067,0
4900,0
13,1
4321,1
4857,0
3435,1
4770,1
5294,0
2917,0
5719,0
2540,1
2287,0
4273,0
2238,1
3723,0
3795,0
5748,0
1645,0
3553,1
489,1
3198,1
3849,0
6173,1
74,1
4596,1
5009,1
5365,0
1900,1
5716,1
4151,1
262,1
795,0
3273,0
3571,0
1625,0
4945,0
2182,0
5288,0
1079,1
5267,0
4815,0
4505,0
3430,1
378,1
1590,1
926,1
5372,0
3189,1
956,0
2011,1
2968,0
2326,0
1773,0
471,1
4810,0
2090,1
4692,1
1802,1
3867,0
3157,1
4502,0
4153,0
4448,0
4412,0
5520,1
5182,0
3528,0
379,1
4562,1
4318,0
4250,0
1992,0
4839,0
5657,1
1054,0
4854,0
5309,0
1647,1
1300,1
3518,0
3683,1
5210,0
921,1
2328,0
4786,1
2283,1
1610,0
643,1
2893,0
5597,0
3144,0
4875,0
4835,0
5316,0
1669,0
5043,1
4722,1
1360,1
1695,0
4169,1
3081,1
4369,0
5683,0
1033,0
5478,0
5553,0
2371,0
2467,0
1528,1
4121,0
3457,0
6068,0
5185,0
3054,1
3751,0
2341,0
3221,0
1392,1
2497,0
5554,0
4110,1
1849,0
109,1
1967,0
386,1
854,1
6201,0
590,1
3201,0
2113,1
554,1
5931,1
4778,1
3834,0
3918,0
2799,0
6087,0
5921,1
5898,1
4833,0
591,1
364,1
652,1
1878,0
373,1
2676,0
1083,0
5625,0
1749,0
2417,0
983,1
4768,1
2876,0
2767,1
104,1
927,1
4911,0
123,1
4064,0
2503,1
5224,0
1296,1
5069,0
5174,1
6378,0
4775,1
3224,0
3305,0
5194,1
2723,1
1769,1
2569,0
4198,0
367,1
2603,0
4237,0
1036,0
6240,1
5327,0
2391,0
5649,0
4812,0
5282,0
597,1
5776,0
6191,0
410,1
4180,0
4506,1
4468,0
2996,0
3770,0
5619,1
102,1
4371,0
494,1
506,1
55,1
1561,0
5106,0
1310,1
3313,0
169,1
3822,0
4921,0
2042,0
3360,0
2477,0
4877,0
5065,0
3753,0
1219,1
4350,0
252,1
5101,0
3588,1
5600,1
526,1
1429,1
898,1
2998,0
2398,0
2495,0
397,1
3467,1
1287,1
4477,0
1202,1
243,1
4621,1
491,1
967,1
4143,0
3304,0
4281,0
6062,0
6254,0
48,1
1871,0
6190,0
2490,0
4724,1
4894,0
6388,0
2743,1
6023,0
2183,0
6178,0
5970,1
5062,0
3203,1
302,1
890,0
6374,0
5059,0
391,1
5994,1
1171,1
1233,1
2054,1
2389,1
3492,1
5890,1
5118,0
6,1
204,1
5714,1
485,1
5474,0
1379,1
145,1
699,0
5053,0
440,1
1943,0
752,1
4545,1
3014,0
963,1
3090,0
3392,1
6349,0
6210,0
936,1
3715,0
3489,0
1935,1
125,1
2273,0
2884,0
2468,1
4091,0
1215,1
3982,1
2608,0
2012,1
91,1
4298,0
5930,1
4961,1
431,1
4007,1
349,1
1351,1
1089,0
922,1
2380,1
4434,0
5360,0
4045,0
3623,1
1001,1
511,1
5190,0
4682,0
1782,0
2362,1
1240,1
6044,0
1839,0
1244,1
5313,0
3296,0
4623,0
5259,0
5926,1
856,1
5066,0
5915,1
3011,1
6177,0
3265,0
1755,0
1785,0
4759,1
3027,0
1898,1
6260,1
2712,0
900,0
149,1
3047,0
574,1
4247,0
2098,1
5311,0
849,1
1454,1
2890,0
2475,0
1074,0
4172,1
3836,0
5633,0
1809,0
322,1
3000,1
2528,0
5998,1
3923,1
2036,0
2297,1
268,1
3395,0
2009,1
1378,1
472,1
2233,0
4561,1
4873,0
1078,1
3958,0
1110,0
4187,0
3423,0
6386,0
1830,0
3806,0
5707,0
4818,0
6155,1
2441,0
4245,0
1778,1
1725,0
294,1
289,1
3942,1
4713,1
5301,0
4554,1
972,1
1015,0
1816,1
3879,0
4829,0
147,1
1261,1
4622,1
209,1
1835,1
6309,0
340,1
1589,1
4113,1
4511,1
6372,0
2340,0
1246,1
5289,0
3356,0
5775,0
1218,1
6161,0
3199,0
3365,0
3940,1
3358,1
1827,0
4676,1
1747,0
3780,0
4055,1
4822,0
3612,1
5578,0
5255,0
1411,1
837,1
3251,0
5880,0
5022,0
5184,0
6311,0
4422,1
5136,0
4654,1
5462,0
1739,0
328,1
3342,0
1883,0
4432,0
3377,1
2004,0
679,1
5347,1
4051,1
4204,1
1147,1
4010,0
2039,0
5328,0
5797,1
947,1
4308,0
618,1
2514,0
6389,0
4264,0
4997,1
1034,0
3873,0
5704,0
5586,1
6380,0
2701,1
3969,1
5027,1
5273,0
3594,1
3705,0
1993,0
2715,1
5803,0
121,1
3739,1
1833,0
1405,1
3954,1
6363,0
325,1
2311,0
4590,1
166,1
1097,1
5841,1
4656,1
2745,1
2178,1
1740,0
2074,0
5886,1
4922,0
5324,0
2584,0
3883,1
3850,0
2599,1
1062,0
5674,0
4625,1
1805,1
4609,1
2145,1
2559,0
2759,0
5322,0
2231,0
5201,0
1031,0
1531,1
3442,0
1840,0
4101,0
5178,0
4718,1
4006,0
886,1
2120,0
1369,1
2661,1
2095,1
1217,1
973,1
4025,0
2636,1
2591,1
2228,0
1071,0
4136,0
499,1
3123,1
2885,0
5519,0
6198,0
6039,1
1956,0
285,1
2175,0
4405,0
3069,0
6151,0
4251,0
1750,0
6034,1
1858,1
3401,0
4038,0
3193,0
718,0
2447,0
4726,1
719,0
2768,0
1966,0
5982,0
5910,1
2499,1
1440,1
2637,1
2536,0
263,1
5346,0
4338,0
463,1
3098,0
3202,1
4400,0
5986,1
2438,0
5787,1
2883,0
6095,1
4666,1
5019,0
6290,0
1472,1
1825,0
3350,0
2344,1
5735,1
311,1
4210,0
3200,0
627,0
6245,0
2433,1
4886,0
4340,0
479,1
5249,0
3274,0
2254,0
6127,0
1508,1
2288,0
1624,0
2018,1
2345,1
4980,0
3652,1
3631,1
3158,0
5973,1
2942,0
5425,0
4978,1
3648,0
1902,0
1239,1
5485,0
1648,1
5576,0
1724,0
2681,0
4679,0
1434,1
295,1
2871,0
2325,0
5444,0
1975,1
497,1
2301,1
2115,0
2643,1
863,0
6196,1
2746,1
6084,0
1271,0
4645,1
928,1
1308,1
3015,1
1670,0
1189,1
1920,0
231,1
6231,0
5725,0
2823,0
2560,1
1127,0
5208,0
7,1
2245,0
2694,1
979,0
1642,0
2253,0
1117,1
4648,1
4649,1
4557,1
5823,0
3117,1
1527,1
1857,1
6055,0
3248,0
5645,0
1438,1
4507,1
2383,0
3711,0
3463,0
2176,0
4680,0
2859,0
4783,1
529,1
4584,1
530,1
4751,1
3890,1
5836,1
6103,0
5711,1
1162,1
4793,1
1293,0
1280,0
1523,1
873,1
3852,0
1602,1
742,1
4897,0
1494,1
1352,1
1981,1
3756,0
2795,0
702,1
6163,0
5990,1
5070,0
1220,1
3724,0
5498,0
1693,0
6185,0
3853,0
6047,0
1159,1
5112,0
1876,0
4794,1
5784,0
4411,0
396,1
1638,0
3986,1
2696,1
758,0
3936,0
1272,1
945,1
2323,0
5760,1
1292,1
587,1
1457,1
3727,0
5034,0
3508,0
5777,1
4576,1
312,1
675,1
5925,1
1355,1
3475,0
6057,0
5770,1
5888,0
1623,0
4727,1
5528,1
1346,1
2,1
2685,1
3317,0
5947,1
1580,1
449,1
3468,1
3094,0
251,1
224,1
620,1
29,1
2112,0
6070,1
1192,1
3585,1
2641,0
2867,0
1614,1
1585,1
3641,1
6078,0
103,1
44,1
2785,0
2235,0
46,1
6248,0
5166,0
2750,0
5443,0
961,1
3162,0
2880,0
5158,0
3663,1
1276,1
6089,1
5736,1
4985,0
1961,1
307,1
4550,1
3620,1
3031,0
3696,0
2616,0
726,1
4866,0
1201,1
3917,0
4662,1
3453,1
740,0
5191,0
1302,1
3076,0
6217,1
4363,0
2537,1
4702,0
4224,1
4952,0
2651,1
5349,0
5560,0
5292,0
5937,1
5326,0
6241,0
3507,0
1228,1
4809,0
2931,0
1471,1
4903,0
460,1
2350,0
5422,0
1470,1
2202,1
595,1
5672,1
1550,1
3428,1
5012,1
5078,0
2693,0
1312,1
5097,0
1972,1
112,1
1190,1
5928,1
5410,0
36,1
1836,0
3529,0
3359,0
3355,0
3320,0
5505,0
4825,0
1665,0
2629,0
2318,0
2600,1
2450,0
3748,0
3868,1
2005,0
520,1
3390,0
735,0
1305,1
4931,0
3601,1
4843,0
2772,0
4296,0
1114,0
2332,0
24,1
4387,0
3310,0
5754,1
5447,1
6197,1
2678,1
5668,0
3351,0
5830,1
4026,0
6077,1
6166,0
6228,0
427,0
1478,1
3028,1
3177,0
3616,1
2840,0
130,1
2363,0
1455,1
1708,0
41,1
96,1
1093,0
2533,1
4092,1
3952,1
4049,1
4348,0
4284,0
4009,1
5902,1
1687,0
580,1
1116,0
5708,0
4159,1
1313,1
4036,1
5802,0
592,1
6105,0
2139,1
2261,0
4777,1
4081,0
4712,1
5995,1
3742,0
2798,0
4910,0
3717,0
2026,0
2914,1
5713,1
2583,0
2239,1
3147,1
507,1
1674,0
5540,0
3128,0
528,1
1639,0
2002,0
3842,0
4253,1
1734,0
959,0
1644,0
949,1
4471,0
6264,0
3307,0
2211,1
2981,0
1294,1
2410,0
6018,1
3182,0
1113,0
3024,0
2282,1
4849,0
5081,0
5889,1
4004,0
2269,0
3311,0
1196,1
2927,0
785,1
4534,1
415,1
2644,1
4987,0
5720,0
692,0
4370,0
2769,0
3910,1
3373,0
3220,0
5907,1
2458,1
6134,1
1893,1
1660,0
1255,1
1657,0
2117,0
1934,1
4896,0
772,1
6101,0
5042,1
1174,1
4462,1
2385,0
3628,1
6140,1
4124,0
3424,0
4202,1
4105,0
6067,0
2900,1
3973,0
2412,1
357,1
4824,0
4632,1
930,1
4909,0
3896,0
3488,1
2596,1
810,1
5694,0
95,1
5039,0
3741,0
4901,0
1890,0
4493,0
6250,0
132,1
4384,0
822,1
3420,1
5788,1
3666,0
1968,0
2809,0
1340,1
4902,0
2284,0
1864,0
355,1
6132,0
6042,0
1179,1
2409,0
2707,0
5467,1
4292,0
1338,0
5851,1
3405,0
3670,0
3299,0
2923,0
3844,0
3948,1
3344,0
1767,1
4240,0
1559,1
4895,0
3444,0
5131,0
5401,0
5997,1
2698,0
5875,1
4288,0
2480,0
709,0
5484,0
1414,1
4720,0
5860,0
2675,0
4853,0
57,1
1104,0
2336,0
1737,0
3306,0
3785,0
2087,1
2881,0
2422,0
2939,0
5965,1
5768,0
5364,0
883,1
4749,1
2619,0
4074,1
4381,1
1891,0
2686,0
3611,1
2240,0
6156,1
667,0
6072,1
5617,1
2541,1
5100,0
3891,1
2979,1
5452,0
3591,1
4389,0
5138,0
2370,0
4474,0
4643,1
1549,1
955,0
79,1
815,1
2360,1
97,1
5799,0
4661,0
1570,1
5884,1
1213,1
3653,1
682,1
4469,0
4255,0
2006,0
4748,1
644,0
3381,0
239,1
4784,1
3277,0
1417,1
1652,0
3707,0
2157,0
4282,1
668,0
1810,0
2214,0
3122,1
4831,0
4230,0
4865,0
2609,1
684,1
918,0
6126,0
5582,0
1030,0
1765,1
5642,0
90,1
673,1
852,1
347,1
5603,0
5199,0
3604,1
1003,1
1689,1
28,1
5000,0
5948,1
1014,0
5262,0
2735,1
21,1
3515,0
3686,0
1558,1
1137,1
4989,0
3331,0
695,0
4806,0
2134,1
1615,0
2085,0
5329,0
607,0
1779,1
4090,0
2929,1
2209,0
4061,1
1439,0
6123,0
3673,0
3153,0
3568,1
1752,0
2122,0
3897,0
6233,0
1594,1
2943,0
4750,1
5936,1
1930,0
5127,0
5762,1
823,1
4266,0
407,1
630,1
980,0
976,0
3363,0
1307,1
283,1
895,1
1468,1
700,0
6041,0
4132,1
306,1
3226,0
139,1
5598,1
5542,1
446,1
4598,1
1325,1
5223,0
1040,0
1072,0
537,1
1250,1
2953,0
601,0
5588,1
3210,0
2994,0
1717,0
5594,0
1694,0
4556,1
4256,0
4133,1
1932,1
3636,1
3860,1
1894,0
5605,0
72,1
70,1
5747,0
5010,1
5817,1
1631,0
6278,0
6046,0
1756,0
5058,0
1111,0
2704,0
4693,1
848,1
5670,0
2910,0
6120,1
433,1
5864,1
4586,1
4461,1
5382,0
4130,1
4974,0
3361,0
3012,1
1065,1
1637,0
3797,0
717,0
314,1
5761,1
1609,0
3300,0
4285,0
3008,0
1945,0
4677,0
2662,0
2835,0
5035,0
496,1
3519,1
1364,1
2044,0
861,1
1955,1
3129,1
4466,0
1557,1
4611,1
265,1
6085,0
2565,0
4147,0
6174,1
327,1
4535,1
4944,0
3019,1
3334,0
3596,1
482,1
1962,0
2244,0
2870,0
2666,0
3119,1
1553,1
6357,0
4494,0
5369,0
5205,0
2195,0
3335,0
1716,0
3244,0
2373,0
6255,0
793,1
1443,1
6058,0
5244,0
697,0
4694,1
5751,1
4407,0
536,1
4678,1
2585,1
6271,0
2037,0
4538,0
2808,0
2008,0
669,0
3928,1
4796,1
6180,0
455,1
37,1
3503,0
6295,0
3537,0
2096,1
5935,1
377,1
5254,0
5903,1
1760,0
952,1
560,1
5717,1
2276,0
5743,0
1933,1
4600,0
606,0
2312,0
5876,1
348,1
484,1
4013,0
1681,1
1277,1
3288,0
1848,0
5829,1
1128,0
195,1
5733,1
2372,0
3820,1
1348,1
1921,0
173,1
2902,0
4795,1
5117,0
593,1
1884,0
4754,1
3496,0
320,1
2947,1
4791,1
3105,0
32,1
1729,1
5809,1
126,1
1545,1
2444,0
4029,1
1210,1
3532,1
4065,0
4379,0
2268,0
4836,0
3443,0
4364,0
4701,0
3438,0
5944,1
5867,1
133,1
5579,1
2792,0
1350,1
874,1
6397,0
5543,1
2147,1
3975,1
1859,1
2315,1
2399,0
4453,0
275,1
971,1
5460,0
411,1
3824,0
5833,1
3580,0
3907,1
3061,0
3865,0
5831,1
382,0
3776,0
5103,0
938,0
878,1
5162,0
698,0
5940,1
1209,1
1612,0
1334,1
5023,1
2916,0
1732,0
2974,0
948,1
5756,1
2891,0
394,1
5087,0
4743,1
5147,0
4745,1
1946,0
1938,1
5561,0
4275,0
4964,1
2007,0
329,1
2659,0
6035,1
2958,0
5632,0
3768,0
5148,0
6172,1
3592,1
3894,1
3736,0
544,0
909,1
4401,1
4435,0
4841,0
1131,1
4620,0
605,0
5144,0
5448,1
1241,1
3187,1
6036,1
1908,0
812,1
1141,0
3967,1
3166,0
942,1
5497,0
4413,0
5818,0
4301,0
1419,0
255,1
3013,1
5506,0
1077,1
2416,0
2353,0
5163,0
271,1
3437,0
1066,1
2388,0
935,1
5676,1
3522,0
2246,0
1140,1
634,0
3364,0
3196,1
5017,1
1208,1
2717,0
3165,0
1335,1
4610,1
118,1
4968,1
6015,1
5055,1
174,1
2188,0
1626,0
3889,1
3222,0
5128,0
2193,0
3835,0
1834,0
4515,0
1534,1
2972,0
1096,1
1182,1
398,0
5334,0
6167,0
5308,0
1143,0
6353,0
3023,0
2439,0
3898,0
5608,0
4725,1
4513,0
5374,0
525,1
4767,1
1504,1
3811,0
5673,0
817,0
2224,0
1435,1
5195,1
3397,1
475,1
612,1
3984,1
4472,0
5093,0
5663,0
5857,0
4846,0
2911,0
4044,0
1875,0
4888,0
4626,1
4675,1
6011,1
1353,1
1954,0
626,0
2851,0
2107,1
5141,0
6020,0
3956,1
4283,0
1080,1
1485,1
1497,1
2894,0
2442,0
1630,0
1321,1
4863,0
953,1
6092,1
3782,0
2397,0
3660,1
3025,0
52,1
2728,0
3009,1
3329,0
60,1
5123,0
296,1
4345,0
5084,0
3388,0
2941,0
5531,1
3841,0
3906,1
3080,1
532,1
2529,0
5722,0
6076,1
5959,1
5901,1
4475,0
3472,1
3963,1
5297,0
6326,0
3421,0
4848,0
1646,0
350,1
2484,0
4223,1
4118,1
989,1
5628,0
1075,0
850,1
400,1
3139,0
3218,0
6211,0
1532,1
1877,0
4330,0
583,0
3722,0
3095,1
2333,0
5375,0
1622,0
6282,0
1576,1
3971,0
4614,1
3843,0
1663,0
2110,0
1268,1
330,1
4765,1
4658,0
2774,1
5992,0
4154,1
1552,1
3584,1
4404,0
5111,0
5892,0
5595,1
5845,1
4326,0
4108,0
1866,0
4046,0
5383,0
4352,0
3895,1
3238,0
4691,1
6310,0
6246,0
2208,0
5734,1
5469,0
293,1
3176,0
4928,0
6056,0
2546,1
3452,1
2753,0
6075,1
4222,1
5423,0
789,0
1736,0
6214,0
3688,0
3402,0
1041,0
6276,0
4667,1
2815,0
1742,0
3687,0
233,1
4289,0
3600,0
3536,0
4711,1
3192,1
3135,0
181,1
5727,0
5953,1
35,1
1807,1
5980,0
6342,0
2169,0
14,1
5546,1
5786,1
2140,1
3493,0
581,0
4650,1
5464,0
4200,0
2669,0
659,1
1492,1
4451,0
892,1
5396,0
4489,0
1611,0
2951,1
946,1
5072,0
39,1
370,1
5434,0
2015,1
3766,0
143,1
3657,0
857,1
3125,0
4078,1
6164,0
1984,0
4904,0
2758,0
2449,0
2912,0
3378,1
4488,0
2451,0
5779,1
6364,0
1726,1
655,0
6287,0
1909,0
1301,1
5646,0
3619,1
3353,0
2562,0
2242,1
1673,0
2361,1
3539,0
1290,1
2751,0
4261,0
5500,1
594,0
6347,0
4612,1
2421,1
3446,0
5431,0
5819,0
6377,0
1537,1
3461,0
3859,0
5698,0
5029,0
996,0
1186,1
4521,1
2614,0
4776,1
1043,0
5457,1
3558,0
1087,0
3642,1
4182,0
4458,0
3258,0
3520,0
5348,0
5848,1
6031,1
5089,0
11,1
2948,1
4919,0
1269,1
4239,0
3821,0
4628,1
6216,0
1530,1
83,1
3856,1
2376,0
907,1
5562,0
4816,0
714,0
5235,1
5752,1
6351,0
4652,1
3533,1
4476,0
6365,0
3253,0
1711,0
5652,0
3823,0
4297,1
4872,0
5808,1
4190,0
5838,0
5699,0
3346,0
6192,1
5384,0
5003,0
6079,0
2302,0
4175,1
993,0
2515,0
628,1
4617,1
5977,0
1906,0
1846,1
1628,0
6097,1
2566,0
4657,0
232,1
767,1
5445,0
1817,1
2425,1
5151,0
6379,0
6261,0
5906,1
323,1
3308,0
4213,1
1106,1
4107,0
2378,1
230,1
2271,0
5105,0
4704,1
2646,1
6273,0
2827,0
4850,0
2405,0
3870,0
1917,0
3610,0
4167,0
871,1
5661,1
2563,0
5395,0
1598,1
4114,1
4847,0
4392,0
3646,1
4339,0
45,1
1426,1
2101,1
198,1
1318,1
1160,1
4813,0
4267,0
1028,0
1343,1
838,1
5643,0
4982,0
1516,1
2899,0
3639,1
4504,1
1195,1
3861,1
1051,0
3118,1
3630,0
686,1
2309,0
341,1
1529,1
3735,0
5449,1
3565,1
6059,0
1389,1
3038,0
1653,0
2481,0
5018,1
3734,0
2322,0
564,0
3188,1
632,0
5169,0
1121,1
1861,0
2303,0
2071,1
4756,1
5496,0
1746,0
1349,1
1599,1
3046,0
228,1
429,1
1838,0
4665,1
3534,0
4490,0
2226,0
2446,0
3215,0
4332,0
1815,1
1887,0
4426,0
1766,1
1465,1
6399,0
128,1
4358,0
2523,0
5612,0
2403,0
3150,0
4963,1
3449,1
4519,0
4585,0
991,0
2502,0
3549,0
2133,0
3805,0
3983,1
984,1
2516,0
403,1
5810,1
2102,0
4232,0
1518,1
3056,0
3101,0
6107,0
1297,1
2104,0
158,1
2726,1
841,0
2172,1
4155,1
2289,0
765,0
4929,0
1608,0
2959,1
3949,1
3286,0
5515,0
1488,1
4377,0
1927,0
2760,1
5527,1
5556,0
192,1
990,1
5067,0
4686,1
5192,1
3462,0
5509,0
2991,1
5487,0
3441,0
4973,0
2149,1
5750,1
6052,0
4160,1
5335,1
3762,0
75,1
4109,0
2161,0
5974,0
6266,0
2313,0
893,1
1453,1
4333,0
4861,0
5596,1
1193,1
1822,0
2782,1
2155,1
1502,1
2671,0
588,1
5927,1
6262,0
5538,1
4011,0
1206,0
819,1
4179,0
2327,0
5005,0
624,0
4359,0
6030,1
4479,0
5746,0
412,1
4073,1
2937,0
5813,0
2349,0
5849,1
5960,1
2642,0
3137,1
1586,1
3471,0
1940,0
2756,0
2219,1
1204,1
4700,0
1947,0
6064,0
2985,0
3247,0
164,1
4566,1
5150,0
4994,1
6398,0
3051,0
905,1
2660,0
2170,1
940,0
3510,0
2217,0
4935,0
4930,0
3073,1
4343,0
4948,0
642,1
4792,1
2508,1
428,0
1270,0
1274,1
715,0
487,1
2820,0
3214,0
4705,1
4391,0
305,1
456,1
1238,1
185,1
4039,0
5153,1
1023,0
1374,1
3728,0
4608,1
4193,1
5134,0
6006,1
6225,0
732,0
579,1
3491,1
6137,0
4627,1
3256,0
4706,0
5079,0
1759,0
5686,0
1593,1
501,0
5557,0
1460,1
4714,1
2443,0
5219,0
3282,1
2721,0
5177,0
975,0
3099,0
1587,1
4934,0
3243,0
352,1
1253,1
3110,0
2615,0
3260,0
2093,1
2300,1
1326,1
86,1
4017,0
2821,0
2084,0
1427,1
1651,0
661,1
542,0
1754,0
2965,1
3872,0
4165,0
3599,1
4842,0
6081,0
1135,1
2572,1
5142,0
338,1
4212,1
2181,0
4257,1
3698,1
4129,0
5108,0
803,1
5631,0
1475,1
5703,0
405,1
2130,1
5353,0
999,0
5741,1
1677,0
876,1
2191,0
3075,0
1540,0
5307,0
5256,0
2896,0
1680,0
2359,0
3925,0
5486,0
1288,1
4034,0
5866,1
1744,0
5690,1
2469,0
66,1
5954,1
751,1
3919,0
5899,0
240,1
2123,0
2854,0
3791,0
2988,0
5038,0
5877,1
6171,0
3093,1
5435,1
4647,1
1144,1
5161,0
5978,1
4619,0
2658,0
2109,1
649,0
5014,0
3239,0
4068,1
1606,1
6234,0
1776,1
12,1
5587,1
1037,0
4263,0
6307,0
3878,0
3322,0
934,1
3400,1
1130,1
932,1
1770,0
1484,1
4217,0
5272,0
1777,1
5896,1
2154,0
3052,1
2317,0
1863,0
5551,1
2354,0
3170,1
3625,0
3970,1
3847,0
6013,0
1000,0
4361,1
5536,1
1284,1
5514,0
6003,0
2440,0
5832,1
1643,0
4314,1
2877,0
3572,0
6066,0
868,0
1372,1
4950,0
4322,0
794,1
1423,1
2779,0
5859,1
3343,0
1719,0
1990,0
6285,0
5532,0
2429,0
4127,0
3037,0
2621,1
344,1
6130,0
1948,0
4236,0
3535,0
1418,0
4388,0
5397,0
1712,0
2352,0
4427,0
1158,1
5623,0
5883,1
2647,1
3021,1
2864,0
4852,0
2135,1
1569,1
3720,0
1496,1
178,1
2581,1
254,1
2539,1
3999,1
670,0
843,0
3484,1
5021,0
4859,0
2488,0
1178,1
4454,0
4302,1
4790,1
2437,0
5068,0
919,0
1019,0
1082,0
1109,0
3810,0
3393,0
4629,1
6319,0
5408,1
6202,0
2220,0
1918,0
5054,0
5771,1
777,0
4128,0
2632,0
6387,0
4112,1
4063,0
2445,0
4526,1
2770,0
5356,0
5407,0
2930,0
1627,0
2168,0
3694,1
1361,1
1820,0
6128,0
1056,0
5090,0
1449,1
1385,1
1620,0
4142,0
4597,1
6391,0
5092,0
5820,0
5745,0
2427,1
5701,0
3886,0
724,1
5088,0
5376,0
1965,0
5187,0
5096,0
4015,1
5602,0
1988,0
5508,1
4365,0
5774,1
3465,0
1886,0
4246,0
4097,0
4079,1
4802,0
18,1
4178,0
5371,0
1654,0
4123,0
6243,0
553,1
3332,0
651,1
2670,0
5607,0
2810,1
743,1
225,1
5654,1
5139,0
2146,0
2184,1
4225,0
4270,0
2064,0
3072,1
561,0
1373,1
1257,1
2512,0
5387,0
2731,1
2625,0
76,1
5963,1
3272,0
437,1
3262,0
3961,1
5002,0
3216,0
6122,0
1262,1
2655,1
570,1
866,1
1330,1
1539,1
897,1
269,1
3733,0
1016,0
2775,0
6237,0
2207,0
2089,1
1483,1
1941,1
270,1
5130,0
1595,1
2627,1
6119,0
1243,1
3440,1
2077,0
4998,1
3411,1
4529,1
671,0
1573,1
4591,1
4819,0
3362,0
1481,0
4037,1
4779,1
3676,0
2763,1
4837,0
3124,1
802,1
451,1
565,0
2664,0
2909,1
4512,0
2324,0
1469,1
2142,0
3726,0
1309,1
5417,0
2838,0
4397,1
2131,1
5635,1
1295,0
4020,0
4419,0
3993,0
6341,0
4936,0
4957,0
645,0
2306,0
3234,0
4969,1
3846,0
3974,1
4156,0
2905,0
2320,1
3774,0
267,1
5637,0
3583,1
2504,1
6188,0
5284,0
3656,0
5534,0
5214,0
4199,0
4194,1
3297,0
1025,1
6338,0
6350,0
1267,1
5934,0
4286,0
5700,0
2020,1
4294,0
3554,0
3432,1
6224,0
6252,0
4782,1
768,1
201,1
1166,1
2294,0
3469,1
1781,0
862,1
1870,0
1914,0
533,1
1105,0
809,1
6131,1
6051,1
4547,1
3263,0
80,0
159,1
4940,0
1408,1
3764,0
3606,1
1467,1
1,1
4805,0
4174,1
1474,1
1568,1
2393,0
4898,0
6050,1
5155,1
457,1
2610,1
162,1
2945,0
2843,1
2593,1
3668,1
576,1
5403,0
6337,0
960,0
2995,0
3904,0
1395,1
421,1
3163,1
1784,0
1002,1
3403,0
6096,1
5592,0
6200,1
2454,0
5189,0
3006,0
3445,0
3763,0
910,1
234,1
2571,1
968,1
1123,1
3186,0
1843,0
763,1
1436,1
4399,0
5126,0
4030,0
4115,1
4500,0
2613,0
5454,0
435,1
2816,0
3665,0
575,1
236,1
3211,0
3324,0
337,1
4660,0
3112,0
3779,1
2137,0
811,1
3136,1
6002,0
5167,0
137,1
5946,1
1168,1
4024,0
402,0
2174,1
1613,0
4291,0
839,1
2265,0
2703,0
5622,0
6289,0
1501,1
5083,0
6000,0
4762,1
2215,0
2482,0
3755,0
6272,0
1520,0
1574,1
951,1
454,1
3085,1
3151,0
2886,0
1952,1
791,1
5911,1
1873,0
5251,0
1685,0
9,1
38,1
4876,0
889,1
4893,0
6082,0
3499,0
5048,0
3540,0
1566,1
216,1
4716,1
4031,1
5844,0
925,1
1762,1
3005,1
3502,1
77,1
2223,0
6368,0
4164,0
2060,1
3169,0
4003,0
6258,0
4244,0
6146,0
4000,1
505,1
4408,0
4981,1
977,0
2108,1
3777,0
1791,0
4394,0
864,0
872,1
110,1
5237,0
2356,0
6139,0
1718,0
4221,1
3608,1
522,0
3876,0
1092,1
2982,0
623,0
5814,0
186,1
6275,0
5666,0
1548,1
5321,0
1641,0
5710,1
1273,1
4730,1
2280,0
1050,0
5765,0
469,1
2848,1
3120,0
4428,0
6291,0
2764,0
1704,0
3718,1
4211,0
6148,0
1546,1
4480,0
1058,0
4801,0
2727,1
5601,0
242,1
2807,1
443,1
67,1
5157,0
3003,1
2185,1
2079,0
3920,1
3815,0
2293,0
6208,0
5051,0
2801,1
1223,1
964,1
1448,1
3832,0
5341,0
2507,0
3131,0
6314,0
151,1
1216,1
4050,1
3887,1
631,1
4335,0
2072,0
6396,0
2248,0
4312,0
2692,1
3937,0
3744,0
3376,0
3229,0
5689,0
1148,1
3396,0
2812,0
1721,0
5269,0
1596,1
4951,0
5041,1
5143,0
30,1
6199,0
5159,0
4425,0
3295,0
2314,1
131,1
3494,0
146,1
903,1
1868,0
3,1
3357,0
3173,0
4954,0
6195,1
681,1
4589,1
4417,1
4689,1
3410,1
3386,0
150,1
5636,1
2978,1
5082,0
6324,0
5226,0
1844,1
5488,1
2187,0
5614,0
3747,0
920,0
4495,0
5357,0
3944,1
1584,1
2278,1
1788,0
3564,0
1382,1
1098,1
636,1
1197,1
2010,1
1774,0
1061,0
4441,1
299,1
1232,1
3589,0
4559,0
563,0
6048,0
4043,0
3790,0
906,1
5559,0
3930,0
1275,1
1406,1
4277,1
4157,0
6304,0
2802,1
4499,0
731,0
2771,0
2740,0
3184,0
2432,0
4347,0
4027,1
2993,0
929,1
140,1
2304,0
4181,0
3746,0
200,1
4315,1
4707,1
5613,0
5723,0
729,1
527,1
3204,0
6274,0
5071,0
914,0
5052,0
4274,0
845,1
1525,1
1163,1
266,1
351,1
165,1
5110,0
1413,1
1562,1
1699,1
3245,0
3786,0
2832,0
746,0
4651,1
5120,0
4231,0
6138,1
5421,0
2934,0
452,1
1885,0
5738,0
5914,1
828,1
4856,0
5494,0
2024,0
4440,0
1958,0
2241,1
2014,1
550,1
4148,0
2279,0
3561,0
1366,1
1556,1
6354,0
2780,0
358,1
2216,0
3179,0
3284,0
4134,1
1005,1
134,1
5209,0
1324,1
2611,1
6330,0
6348,0
4520,0
5837,0
4058,1
1198,1
3830,0
339,1
5471,0
4984,0
3148,0
3913,1
720,0
6223,0
3227,0
2928,1
2065,0
4906,0
3637,0
5778,1
3241,0
5856,0
2590,0
5957,0
175,1
6277,0
3171,0
5060,0
1380,1
2757,0
3071,0
1551,1
4735,0
4463,0
2274,0
4641,0
284,1
3058,0
5420,0
6162,0
2778,0
3208,0
6187,0
3527,0
3450,1
5358,0
2794,0
1495,1
1757,0
1931,1
790,1
1151,1
658,1
641,1
4992,1
4431,0
1792,0
5583,0
1922,0
2339,1
5577,0
2555,1
2856,0
2013,1
5451,0
4241,1
5430,0
4041,1
3825,0
3882,1
3559,1
3767,0
4146,0
6376,0
3677,0
693,0
5687,0
3486,1
2407,0
1090,0
1633,0
4606,1
2872,0
5426,0
3084,0
5847,1
5795,0
4008,1
5547,1
3570,1
1715,0
4382,0
326,1
1044,0
4738,1
2724,1
3911,1
3089,1
1979,1
818,1
2285,0
1084,0
2124,0
3749,0
5564,0
2296,1
5439,0
3669,1
4514,0
4103,0
500,1
5920,1
3605,0
2225,0
2025,0
1507,1
2964,0
5064,0
4882,0
2730,0
5665,0
569,1
3249,0
2729,0
6335,0
4804,0
226,1
2430,1
3133,0
5250,0
516,1
464,1
1354,1
441,0
1156,1
680,1
1603,0
3439,0
1341,1
2747,0
5510,0
792,1
4219,0
2736,0
1102,0
6135,0
1745,0
5872,1
4755,1
4086,0
986,1
2706,0
5827,1
3416,1
3088,0
5513,0
2714,1
16,1
1175,1
1314,1
390,1
4485,0
1691,0
4386,0
383,0
662,1
5204,0
3609,1
5168,0
610,1
6385,0
99,1
619,1
1819,1
1911,0
100,1
1526,1
4012,1
278,1
1879,0
2946,1
4698,1
2888,1
1541,1
776,0
3719,1
912,1
2545,1
4530,1
1821,0
5247,0
222,1
3474,0
611,1
3651,1
2919,0
3149,1
4083,0
345,1
2527,0
5257,0
4139,0
4683,1
4195,1
6323,0
2227,0
1983,0
1679,0
3366,0
622,1
5479,0
5393,1
4887,0
5773,1
5230,0
6158,1
2682,0
683,1
2944,0
6395,0
3043,1
3034,0
5550,1
1798,1
656,1
448,1
290,1
298,1
5691,1
2635,1
3655,1
4695,1
1122,1
879,1
4636,1
1231,0
6026,0
3634,1
2118,1
5367,0
5216,0
1720,0
4035,0
2153,0
613,1
4125,0
4644,1
2708,0
5835,0
2575,0
1316,1
445,1
1053,0
5222,0
92,1
436,1
6360,0
816,1
1042,0
5345,0
1543,1
4268,0
4415,0
3337,0
4605,1
5063,0
2688,0
5,1
3070,0
1018,0
2690,0
4072,1
2166,1
1731,0
1235,1
5962,1
3448,1
3057,0
3684,1
4424,0
3573,1
4797,1
5293,0
3771,0
3026,0
1410,1
5591,0
5418,0
5917,1
1337,1
1091,0
621,1
1842,0
1251,1
4057,1
6297,0
2375,1
4344,0
5388,1
4913,0
3709,0
1242,1
56,1
58,1
4572,1
1256,1
82,1
2023,1
3367,0
3794,0
4938,0
3413,0
4085,0
3732,0
543,0
3662,1
180,1
5440,1
1145,1
3107,0
6179,0
5076,1
31,1
3422,0
5377,0
2048,1
3888,1
1989,0
220,1
2908,1
5007,0
5370,0
3760,0
2788,0
1926,0
4634,1
332,1
4141,0
1100,1
6121,0
535,1
3092,0
1342,1
629,0
1227,0
924,1
2466,1
2511,0
5855,1
3926,1
939,0
2081,0
1536,1
2935,0
2631,1
3233,0
3590,0
249,1
5843,0
6221,0
3068,0
2230,0
4949,0
1225,1
1095,0
985,1
64,1
384,1
5521,0
1999,0
1416,1
15,1
6012,1
2462,0
6069,0
1479,0
1907,0
4642,1
5783,0
3312,0
5916,1
6193,1
3704,0
2520,1
167,1
5615,1
4066,0
5979,1
4099,1
315,1
2702,1
205,1
2865,0
4319,0
2141,1
6090,1
908,1
3903,1
3514,0
1336,1
2570,1
609,1
2200,0
3436,0
3501,1
5465,0
42,1
2335,1
502,0
1264,1
1605,0
1136,1
3217,0
5437,0
4986,0
4744,1
2553,0
3116,1
2940,0
4933,0
5842,1
3379,0
34,1
1919,0
3111,0
2733,0
1327,1
5299,1
2624,0
5286,0
458,1
2622,1
5873,1
887,0
1442,1
4470,0
2595,0
4912,0
3523,1
4276,1
248,1
2869,0
1985,0
2513,0
1115,0
365,1
2505,1
2479,0
1512,1
3837,0
4583,1
4523,0
5056,1
1473,1
3121,0
4295,0
3607,1
541,0
2720,0
3613,1
3132,0
855,1
27,1
5912,1
486,1
4445,0
5590,0
4189,0
2267,0
4941,0
4455,0
4546,1
3827,0
1656,0
3345,0
1723,0
3391,0
6206,0
3965,1
4536,0
1997,1
1939,0
2765,0
1376,1
6284,0
3567,1
5724,0
4788,1
5264,0
787,0
6332,0
867,0
2192,0
3671,0
2826,0
4278,0
6074,0
3352,0
1387,1
2977,0
2308,1
2203,0
2897,0
6186,0
4871,0
4162,0
1265,1
5278,0
2027,0
5580,1
51,1
1203,1
2257,0
2347,0
6346,0
1311,1
711,0
3289,0
5501,0
2031,1
3175,0
4915,0
1775,1
1786,0
1936,1
5218,0
1851,0
4047,1
3100,0
3161,1
3130,1
3516,0
68,1
413,1
4248,0
5339,1
3992,0
20,1
881,1
5265,0
5091,0
3059,0
1581,1
3382,0
2800,1
4498,0
4357,0
6292,0
5660,0
3278,0
4459,0
5692,0
490,1
1505,1
3155,0
2086,0
5455,0
3557,0
3855,0
3292,0
788,1
3020,1
2547,0
144,1
5116,1
6189,0
1799,1
5279,1
5232,1
674,1
5640,1
5757,1
2489,0
5815,0
647,0
5261,0
4280,1
2395,0
4334,1
423,1
978,0
6229,0
5718,0
4056,1
3039,1
3301,0
4587,1
1664,0
2050,1
6125,0
108,1
4552,1
6212,0
1399,0
1853,1
3414,1
4,1
6265,0
1823,0
153,1
5489,1
552,1
4229,0
4771,1
5016,0
5121,0
495,1
5929,1
3697,0
3602,1
5839,1
2355,0
3900,1
1281,1
3985,1
2526,0
4258,0
1184,1
880,0
3617,1
1797,0
2017,0
6320,0
1499,1
1727,0
3002,1
5991,0
5366,1
4429,0
3772,0
6033,0
677,1
558,1
2061,1
1370,1
4972,0
5389,0
2494,1
2038,0
4152,1
5693,0
3164,0
1464,1
3792,0
1733,0
1640,0
1398,1
2589,1
4075,1
2299,0
4421,1
3800,0
2822,0
6008,1
4855,0
4336,0
730,1
4800,1
5791,1
3542,0
334,1
3994,0
1703,0
2592,1
3181,1
4501,1
2164,1
2806,1
1415,1
336,1
3931,1
2426,1
3387,0
3678,1
3219,0
4925,0
4807,0
5176,0
1571,1
5659,1
5429,1
5626,0
3209,0
5821,1
5905,1
1617,0
1428,1
2506,1
5266,0
2586,1
2476,0
3839,0
387,1
5075,1
4814,0
5332,0
5013,1
2857,0
995,0
1511,1
5456,1
442,0
3808,0
5300,0
2680,0
438,1
3369,0
4447,0
4328,0
783,1
4827,0
2045,0
3579,1
5271,0
6118,0
5971,1
2776,0
3517,0
5961,1
1977,1
4673,1
6267,0
2420,0
1180,1
2260,1
2498,0
5125,0
1199,1
4753,1
1375,1
4544,0
3647,1
3957,1
2463,1
1790,0
577,1
1976,1
3884,0
688,0
2579,0
4439,0
931,1
3419,1
6144,0
6256,0
950,1
4602,1
5252,0
834,1
4100,1
5678,0
4171,1
5203,0
5677,1
5958,1
859,1
4541,1
1845,1
4208,0
1824,0
4071,1
2653,0
2387,0
3447,1
2056,1
6336,0
5941,1
3045,1
4723,1
5135,1
3934,1
2892,0
2598,1
419,1
2111,0
703,1
1959,0
4908,0
1055,1
5026,1
2617,0
1829,0
4760,1
2983,0
2152,0
2990,0
1390,1
6154,1
6001,0
2034,0
2744,1
5853,1
2028,0
2150,0
261,1
3250,0
1431,1
2849,0
2000,0
432,1
3679,0
4891,0
1459,1
1068,0
5807,1
6361,0
2932,0
1522,1
2126,1
3902,1
6392,0
1441,1
5011,1
5650,0
2453,1
171,1
135,1
3007,0
5740,0
2250,0
5317,1
3183,0
2351,0
781,0
4532,1
5897,1
6327,0
124,1
882,1
3232,0
877,1
4137,0
2949,0
2040,0
1741,1
5280,0
5242,0
858,1
1808,1
5785,0
4633,1
6383,1
2709,0
1509,1
6381,0
1286,1
1582,1
3701,0
4306,0
1575,1
6149,0
5616,1
1205,1
696,0
17,1
1942,0
2461,1
2904,1
860,1
2470,1
6009,1
690,0
805,1
5684,0
2556,1
6194,1
3349,0
5036,0
1621,0
5414,1
6160,0
360,1
5220,0
3246,0
5493,0
1381,1
4892,0
1761,1
3454,0
2136,1
2824,0
3285,0
3654,1
4443,0
3649,0
3737,0
246,1
81,1
5792,1
2604,0
5680,1
4737,0
3152,1
1897,1
4672,1
1686,0
5472,0
5225,0
2151,0
3269,0
5749,0
4161,0
493,1
4899,0
1554,1
6333,0
2194,0
4918,0
5983,0
1254,1
4385,0
5742,0
3194,1
3659,0
567,1
250,1
6063,0
4517,0
1969,0
548,1
4019,0
5638,1
534,1
2777,0
5342,0
2787,0
356,1
1146,1
4881,0
2411,0
1487,1
1332,1
4111,1
5160,0
1245,1
5715,1
4571,1
5458,1
6339,0
4905,0
4976,1
2058,1
962,1
1649,0
3531,1
2256,0
2160,0
774,0
1133,1
4457,0
1668,0
2960,0
2612,0
2705,0
3987,0
5798,0
957,0
4769,1
2901,0
4324,0
191,1
3574,1
5077,0
462,1
5766,1
